Caller	Type	Filter	TRUTH.TOTAL	TRUTH.TP	TRUTH.FN	QUERY.TOTAL	QUERY.TP	QUERY.FP	METRIC.Precision	METRIC.Recall	METRIC.F1_Score	QUERY.UNK
Clair3	INDEL	PASS	586884	3377	583507	10204	3411	1747	0.661303	0.005754	0.011409	5046
Clair3	SNP	PASS	3460128	36747	3423381	72834	36777	8116	0.819215	0.010620	0.020968	27941
DeepVariant	INDEL	PASS	586877	2142	584735	5356	2126	1111	0.656781	0.003650	0.007259	2119
DeepVariant	SNP	PASS	3460128	20703	3439425	46301	20713	7769	0.727231	0.005983	0.011869	17819
